[
  {
    "icon": "fa fa-home",
    "slug": "external",
    "title": "Volver al inicio",
    "path": "index.html"
  },  
  { 
    "id": 1,
    "icon": "fa fa-play-circle",
    "slug": "Introduccion",
    "title": "Introducción",
    "breadcrumb": ["Inicio","Introducción"],
    "path": "pages/intro.html"
  },  
  { 
    "id": 2,
    "icon": "fa fa-file-text-o",
    "slug": "magnitudes",
    "title": "1. Magnitudes físicas",
    "breadcrumb": ["Inicio","tema 1"],
    "path": "pages/1-tema.html"
   },

  {
    "id": 3,
    "icon": "fa fa-file-text-o",
    "slug": "mecanica",
    "title": "2. Mecánica clásica ",
    "breadcrumb": ["Inicio","Tema 2"],
    "path": "pages/2-tema.html",    
    "submenu": [
      {
        "icon": "fa fa-file-text-o",
        "slug": "mecanica",
        "title": "2.1 Movimiento rectilíneo",
        "anchor": "21"
      },   
      {
        "icon": "fa fa-file-text-o",
        "slug": "mecanica",
        "title": "2.2 Casos particulares",
        "anchor": "22"
      },{
        "icon": "fa fa-file-text-o",
        "slug": "mecanica",
        "title": "2.3 Caída libre",
        "anchor": "23"
      },
      {
       "icon": "fa fa-question-circle",
       "slug": "actividad-1",
       "title": "Actividad didáctica: caída libre",
       "path": "pages/actividad-1.html"
      },   
      {
        "icon": "fa fa-file-text-o",
        "slug": "mecanica",
        "title": "2.4 Casos particulares",
        "anchor": "24"
      },   
      {
        "icon": "fa fa-file-text-o",
        "slug": "mecanica",
        "title": "2.5 Leyes de Newton",
        "anchor": "25"
      },
      {
        "icon": "fa fa-question-circle",
        "slug": "actividad-2",
        "title": "Actividad didáctica: leyes de Newton",
        "path": "pages/actividad-2.html"
       }
    ]  
  },

  {
    "id": 4,
    "icon": "fa fa-file-text-o",
    "slug": "termodinamica",
    "title": "3. Termodinámica",
    "breadcrumb": ["Inicio","Tema 3"],
    "path": "pages/3-tema.html",    
    "submenu": [
      {
        "icon": "fa fa-file-text-o",
        "slug": "termodinamica",
        "title": "3.1 Conceptos básicos",
        "anchor": "31"
      },   
      {
        "icon": "fa fa-file-text-o",
        "slug": "termodinamica",
        "title": "3.2 Leyes de la termodinámica",
        "anchor": "32"
      }
    ]  
  },
  {
    "id": 4,
    "icon": "fa fa-file-text-o",
    "slug": "electromagnetismo",
    "title": "4. Electromagnetismo",
    "breadcrumb": ["Inicio","Tema 4"],
    "path": "pages/4-tema.html"
  },
  {
    "id": 4,
    "icon": "fa fa-file-text-o",
    "slug": "optica",
    "title": "5. Óptica",
    "breadcrumb": ["Inicio","Tema 5"],
    "path": "pages/5-tema.html",    
    "submenu": [
      {
        "icon": "fa fa-file-text-o",
        "slug": "optica",
        "title": "5.1 Velocidad e interferencia de la luz",
        "anchor": "51"
      },   
      {
        "icon": "fa fa-file-text-o",
        "slug": "optica",
        "title": "5.2 Reflexión y refracción",
        "anchor": "52"
      },{
        "icon": "fa fa-file-text-o",
        "slug": "optica",
        "title": "5.3 Lentes convergentes y divergentes ",
        "anchor": "53"
      },   
      {
        "icon": "fa fa-file-text-o",
        "slug": "optica",
        "title": "5.4 Construcción de imágenes",
        "anchor": "54"
      }
    ]  
  },
  {
    "id": 4,
    "icon": "fa fa-file-text-o",
    "slug": "sonido",
    "title": "6. Naturaleza del sonido",
    "breadcrumb": ["Inicio","Tema 6"],
    "path": "pages/6-tema.html",    
    "submenu": [
      {
        "icon": "fa fa-file-text-o",
        "slug": "sonido",
        "title": "6.1 Características del sonido",
        "anchor": "61"
      },
      {
        "icon": "fa fa-file-text-o",
        "slug": "sonido",
        "title": "6.2 Efecto Doppler",
        "anchor": "62"
      },
      {
        "icon": "fa fa-file-text-o",
        "slug": "sonido",
        "title": "6.3 Sistemas resonantes",
        "anchor": "63"
      }
    ]  
  }
  
]